{
  "Paths": {
    "edu": "export_descr_unit.txt",
    "ds": "world\\maps\\campaign\\imperial_campaign\\descr_strat.txt",
	"dr": "world\\maps\\base\\descr_regions.txt",
	"mr": "world\\maps\\base\\map_regions.tga",
	"edb": "export_descr_buildings.txt",
	"smf": "descr_sm_factions.txt",
	"bm": "world\\maps\\campaign\\imperial_campaign\\radar_map1.tga",
	"dir_campaign": "world\\maps\\campaign\\imperial_campaign"
  },
  "BaseFolder": "Mods\\My Mods\\randomiser",
  "Save": "data",
  "Load": "vanilla"
}
